{"cameraMode":{"drawMode":0,"name":"Shaded","section":"Shading Mode"},"sceneLighting":true,"audioPlay":false,"sceneViewState":{"m_AlwaysRefresh":false,"showFog":true,"showSkybox":true,"showFlares":true,"showImageEffects":true,"showParticleSystems":true,"showVisualEffectGraphs":true,"m_FxEnabled":true},"in2DMode":false,"pivot":{"x":3.5173017978668215,"y":1.2548928260803223,"z":-1.2737482786178589},"rotation":{"x":-0.15186311304569245,"y":-0.2855570316314697,"z":0.045874953269958499,"w":-0.945166826248169},"size":4.557258605957031,"orthographic":false}