{"cameraMode":{"drawMode":0,"name":"Shaded","section":"Shading Mode"},"sceneLighting":true,"audioPlay":false,"sceneViewState":{"m_AlwaysRefresh":false,"showFog":true,"showSkybox":true,"showFlares":true,"showImageEffects":true,"showParticleSystems":true,"showVisualEffectGraphs":true,"m_FxEnabled":true},"in2DMode":false,"pivot":{"x":-0.7443234324455261,"y":1.1931512355804444,"z":0.4773843288421631},"rotation":{"x":-0.1541648656129837,"y":0.019855130463838579,"z":-0.0031044469214975836,"w":-0.9878662824630737},"size":1.451042652130127,"orthographic":false}