{"cameraMode":{"drawMode":0,"name":"Shaded","section":"Shading Mode"},"sceneLighting":true,"audioPlay":false,"sceneViewState":{"m_AlwaysRefresh":false,"showFog":true,"showSkybox":true,"showFlares":true,"showImageEffects":true,"showParticleSystems":true,"showVisualEffectGraphs":true,"m_FxEnabled":true},"in2DMode":false,"pivot":{"x":-2.489335298538208,"y":0.5881438255310059,"z":-1.5518627166748047},"rotation":{"x":-0.18831121921539308,"y":-0.4222201108932495,"z":0.09012496471405029,"w":-0.8821477293968201},"size":1.9096436500549317,"orthographic":false}